{"object-stream":{"java.util.Stack":[{"@serialization":"custom","unserializable-parents":"","vector":{"default":{"capacityIncrement":0,"elementCount":3,"elementData":[{"map":[{"entry":[{"long":0,"models.User":{"id":0,"firstName":"homer","lastName":"simpsom","email":"homer@simpson.com","password":"secret","activities":[{"entry":[{"long":0,"models.Activity":{"id":0,"type":"walk","location":"fridge","distance":0.001,"route":[""]}},{"long":1,"models.Activity":{"id":1,"type":"walk","location":"bar","distance":1,"route":[""]}},{"long":2,"models.Activity":{"id":2,"type":"run","location":"work","distance":2.2,"route":[""]}}]}]}},{"long":1,"models.User":{"id":1,"firstName":"marge","lastName":"simpson","email":"marge@simpson.com","password":"secret","activities":[{"entry":[{"long":3,"models.Activity":{"id":3,"type":"walk","location":"shop","distance":2.5,"route":[{"models.Location":[{"id":0,"latitude":23.3,"longitude":32.3},{"id":1,"latitude":23.3,"longitude":32.5},{"id":2,"latitude":23.3,"longitude":32.6}]}]}},{"long":4,"models.Activity":{"id":4,"type":"cycle","location":"shop","distance":4.5,"route":[""]}}]}]}}]},{"entry":[{"string":"homer@simpson.com","models.User":{"@reference":"../../../map/entry/models.User"}},{"string":"marge@simpson.com","models.User":{"@reference":"../../../map/entry[2]/models.User"}}]},{"entry":[{"long":0,"models.Activity":{"@reference":"../../../map/entry/models.User/activities/entry/models.Activity"}},{"long":1,"models.Activity":{"@reference":"../../../map/entry/models.User/activities/entry[2]/models.Activity"}},{"long":2,"models.Activity":{"@reference":"../../../map/entry/models.User/activities/entry[3]/models.Activity"}},{"long":3,"models.Activity":{"@reference":"../../../map/entry[2]/models.User/activities/entry/models.Activity"}},{"long":4,"models.Activity":{"@reference":"../../../map/entry[2]/models.User/activities/entry[2]/models.Activity"}}]}],"null":["","","","","","",""]}]}}}]}}