<object-stream>
  <java.util.Stack serialization="custom">
    <unserializable-parents/>
    <vector>
      <default>
        <capacityIncrement>0</capacityIncrement>
        <elementCount>3</elementCount>
        <elementData>
          <map>
            <entry>
              <long>0</long>
              <models.User>
                <id>0</id>
                <firstName>homer</firstName>
                <lastName>simpsom</lastName>
                <email>homer@simpson.com</email>
                <password>secret</password>
                <activities>
                  <entry>
                    <long>0</long>
                    <models.Activity>
                      <id>0</id>
                      <type>walk</type>
                      <location>fridge</location>
                      <distance>0.001</distance>
                      <route/>
                    </models.Activity>
                  </entry>
                  <entry>
                    <long>1</long>
                    <models.Activity>
                      <id>1</id>
                      <type>walk</type>
                      <location>bar</location>
                      <distance>1.0</distance>
                      <route/>
                    </models.Activity>
                  </entry>
                  <entry>
                    <long>2</long>
                    <models.Activity>
                      <id>2</id>
                      <type>run</type>
                      <location>work</location>
                      <distance>2.2</distance>
                      <route/>
                    </models.Activity>
                  </entry>
                </activities>
              </models.User>
            </entry>
            <entry>
              <long>1</long>
              <models.User>
                <id>1</id>
                <firstName>marge</firstName>
                <lastName>simpson</lastName>
                <email>marge@simpson.com</email>
                <password>secret</password>
                <activities>
                  <entry>
                    <long>3</long>
                    <models.Activity>
                      <id>3</id>
                      <type>walk</type>
                      <location>shop</location>
                      <distance>2.5</distance>
                      <route>
                        <models.Location>
                          <id>0</id>
                          <latitude>23.3</latitude>
                          <longitude>32.3</longitude>
                        </models.Location>
                        <models.Location>
                          <id>1</id>
                          <latitude>23.3</latitude>
                          <longitude>32.5</longitude>
                        </models.Location>
                        <models.Location>
                          <id>2</id>
                          <latitude>23.3</latitude>
                          <longitude>32.6</longitude>
                        </models.Location>
                      </route>
                    </models.Activity>
                  </entry>
                  <entry>
                    <long>4</long>
                    <models.Activity>
                      <id>4</id>
                      <type>cycle</type>
                      <location>shop</location>
                      <distance>4.5</distance>
                      <route/>
                    </models.Activity>
                  </entry>
                </activities>
              </models.User>
            </entry>
          </map>
          <map>
            <entry>
              <string>homer@simpson.com</string>
              <models.User reference="../../../map/entry/models.User"/>
            </entry>
            <entry>
              <string>marge@simpson.com</string>
              <models.User reference="../../../map/entry[2]/models.User"/>
            </entry>
          </map>
          <map>
            <entry>
              <long>0</long>
              <models.Activity reference="../../../map/entry/models.User/activities/entry/models.Activity"/>
            </entry>
            <entry>
              <long>1</long>
              <models.Activity reference="../../../map/entry/models.User/activities/entry[2]/models.Activity"/>
            </entry>
            <entry>
              <long>2</long>
              <models.Activity reference="../../../map/entry/models.User/activities/entry[3]/models.Activity"/>
            </entry>
            <entry>
              <long>3</long>
              <models.Activity reference="../../../map/entry[2]/models.User/activities/entry/models.Activity"/>
            </entry>
            <entry>
              <long>4</long>
              <models.Activity reference="../../../map/entry[2]/models.User/activities/entry[2]/models.Activity"/>
            </entry>
          </map>
          <null/>
          <null/>
          <null/>
          <null/>
          <null/>
          <null/>
          <null/>
        </elementData>
      </default>
    </vector>
  </java.util.Stack>
</object-stream>